{"LLaVA-13b": {"w_verify": {"isc": [35.78265425653858], "fid": [28.49824993244772]}, "wo_verify": {"isc": [35.21916672539085], "fid": [29.563409439692123]}}, "LLaVA-7b": {"w_verify": {"isc": [35.80138052096018], "fid": [28.067135260932616]}, "wo_verify": {"isc": [35.723021904232], "fid": [28.850478805908494]}}, "GPT-4V": {"w_verify": {"isc": [35.83339542002945], "fid": [28.645448991014973]}, "wo_verify": {"isc": [35.632568354332776], "fid": [29.781590595849025]}}, "CogVLM": {"w_verify": {"isc": [34.530772495584614], "fid": [29.797208299408794]}, "wo_verify": {"isc": [34.42407322080082], "fid": [29.705729738081175]}}, "baseline": {"isc": [33.69785180239543], "fid": [24.949165647203245]}}